iso_code,year,date,total_cases,total_deaths,vaccinated_rate,fully_vaccinated_rate,booster_rate,population,country,cases_per_million,deaths_per_million
AFG,2020,2020-12-31,51848.0,2158.0,,,,39068979.0,Afghanistan,1327.0886858855463,55.235638484435434
AFG,2021,2021-12-31,157902.0,7352.0,10.07,9.13,,40000412.0,Afghanistan,3947.509340653791,183.79810687949913
AFG,2022,2022-12-31,207322.0,7845.0,27.86,26.15,,40578842.0,Afghanistan,5109.115730803753,193.32735024819092
ALA,2020,,,,,,,,Åland Islands,,
ALA,2021,,,,,,,,Åland Islands,,
ALA,2022,,,,,,,,Åland Islands,,
ALB,2020,2020-12-31,55380.0,1134.0,,,,2528480.0,Albania,21902.486869581724,448.49079288742644
ALB,2021,2021-12-31,207221.0,3187.0,40.16,36.28,5.07,2489762.0,Albania,83229.24038522557,1280.0420281135305
ALB,2022,2022-12-31,332670.0,3596.0,47.22,44.68,13.27,2451636.0,Albania,135693.06373376798,1466.7756551135649
DZA,2020,2020-12-31,97857.0,2722.0,,,,44042091.0,Algeria,2221.8972300838304,61.804513323402375
DZA,2021,2021-12-31,216376.0,6229.0,15.72,12.49,0.06,44761099.0,Algeria,4834.018932376973,139.16101568462383
DZA,2022,2022-12-31,271194.0,6881.0,17.46,14.43,1.28,45477389.0,Algeria,5963.271110397301,151.30595997936467
ASM,2020,2020-12-31,0.0,0.0,,,,49761.0,American Samoa,0.0,0.0
ASM,2021,2021-12-31,11.0,0.0,,,,49225.0,American Samoa,223.46368715083798,0.0
ASM,2022,2022-12-31,8266.0,34.0,,,,48342.0,American Samoa,170990.02937404328,703.3221629225105
AND,2020,2020-12-31,7806.0,83.0,,,,77380.0,Andorra,100878.78004652365,1072.628586197984
AND,2021,2021-12-31,21730.0,139.0,71.5,64.37,10.98,78364.0,Andorra,277295.6970037262,1773.7736715838905
AND,2022,2022-12-31,47686.0,158.0,72.52,66.99,53.88,79705.0,Andorra,598281.1617840788,1982.3097672667964
AGO,2020,2020-12-31,17149.0,400.0,,,,33451132.0,Angola,512.6582861231722,11.957741818722308
AGO,2021,2021-12-31,71142.0,1746.0,21.59,11.04,,34532429.0,Angola,2060.150474789943,50.56116961827389
AGO,2022,2022-12-31,105070.0,1929.0,42.12,23.19,4.09,35635029.0,Angola,2948.5032831038247,54.132129371916605
AIA,2020,2020-12-31,12.0,0.0,,,,,Anguilla,,
AIA,2021,2021-12-31,1646.0,5.0,63.48,58.09,6.19,,Anguilla,,
AIA,2022,2022-12-31,3904.0,12.0,68.35,65.33,18.88,,Anguilla,,
ATA,2020,,,,,,,,Antarctica,,
ATA,2021,,,,,,,,Antarctica,,
ATA,2022,,,,,,,,Antarctica,,
ATG,2020,2020-12-31,155.0,5.0,,,,91846.0,Antigua and Barbuda,1687.607516930514,54.43895215904884
ATG,2021,2021-12-31,4229.0,118.0,66.42,62.77,,92349.0,Antigua and Barbuda,45793.67399755276,1277.7615350464
ATG,2022,2022-12-31,9106.0,146.0,68.56,66.53,10.49,92840.0,Antigua and Barbuda,98082.72296423954,1572.5980180956483
ARG,2020,2020-12-31,1629908.0,47507.0,0.1,0.0,0.0,45191965.0,Argentina,36066.32285186095,1051.2266948339159
ARG,2021,2021-12-31,5559916.0,117830.0,85.31,67.63,13.59,45312281.0,Argentina,122702.18751512421,2600.3987748928375
ARG,2022,2022-12-31,9891139.0,130124.0,91.03,76.48,74.46,45407904.0,Argentina,217828.57451425196,2865.668496832622
ARM,2020,2020-12-31,157834.0,2768.0,,,,2961500.0,Armenia,53295.289549214926,934.6614891102482
ARM,2021,2021-12-31,344481.0,7943.0,33.59,24.89,0.02,2962300.0,Armenia,116288.3570198832,2681.3624548492726
ARM,2022,2022-12-31,445583.0,8708.0,40.23,35.45,1.46,2969200.0,Armenia,150068.36858413043,2932.776505456015
ABW,2020,2020-12-31,5228.0,47.0,,,,108587.0,Aruba,48145.72646817759,432.83265952646263
ABW,2021,2021-12-31,17165.0,181.0,79.61,74.21,,107700.0,Aruba,159377.9015784587,1680.594243268338
ABW,2022,2022-12-31,43752.0,280.0,84.68,78.89,,107310.0,Aruba,407715.9630975678,2609.262883235486
AUS,2020,2020-12-31,28296.0,920.0,,,,25649248.0,Australia,1103.1902377800707,35.868497977016716
AUS,2021,2021-12-31,366607.0,2377.0,78.1,75.47,9.09,25685412.0,Australia,14272.965526112643,92.54280211662557
AUS,2022,2022-12-31,10694041.0,17816.0,84.93,82.7,75.22,26018721.0,Australia,411013.3238294073,684.7377317278585
AUT,2020,2020-12-31,344732.0,7049.0,,,,8916864.0,Austria,38660.677116977444,790.524561101302
AUT,2021,2021-12-31,1252088.0,16587.0,75.03,70.64,44.66,8955797.0,Austria,139807.5458834094,1852.096468912817
AUT,2022,2022-12-31,5678345.0,21571.0,77.16,74.73,60.39,9041851.0,Austria,628006.9202644458,2385.6840817217626
AZE,2020,2020-12-31,211764.0,2416.0,,,,10093121.0,Azerbaijan,20981.02261926712,239.37095374166225
AZE,2021,2021-12-31,614119.0,8284.0,49.91,45.15,14.48,10137750.0,Azerbaijan,60577.44568567976,817.1438435550294
AZE,2022,2022-12-31,825893.0,10006.0,51.88,46.94,32.46,10141756.0,Azerbaijan,81434.91127177581,986.6141524209418
BHS,2020,2020-12-31,7788.0,169.0,,,,395863.0,Bahamas,19673.47289339999,426.9153722373649
BHS,2021,2021-12-31,23630.0,713.0,38.3,35.94,1.7,396373.0,Bahamas,59615.564127728176,1798.810716168861
BHS,2022,2022-12-31,37491.0,833.0,42.48,40.4,8.94,397538.0,Bahamas,94307.96552782375,2095.3971695787573
BHR,2020,2020-12-31,91518.0,351.0,3.98,,,1472204.0,Bahrain,62163.93923668187,238.41804532524026
BHR,2021,2021-12-31,279518.0,1394.0,81.72,80.01,57.4,1504365.0,Bahrain,185804.64182562078,926.6368201865904
BHR,2022,2022-12-31,696614.0,1536.0,84.31,83.33,68.51,1524693.0,Bahrain,456888.04237967904,1007.4159191391316
BGD,2020,2020-12-31,509148.0,7452.0,,,,166298024.0,Bangladesh,3061.6599509324296,44.811115735205604
BGD,2021,2021-12-31,1583253.0,28060.0,38.46,23.8,,167658854.0,Bangladesh,9443.300859016965,167.36366335893004
BGD,2022,2022-12-31,2037024.0,29439.0,87.12,73.41,35.41,169384897.0,Bangladesh,12026.007253763599,173.79943856505693
BRB,2020,2020-12-31,347.0,7.0,,,,281698.0,Barbados,1231.8156323438577,24.849306704342947
BRB,2021,2021-12-31,27629.0,260.0,55.37,51.01,,282147.0,Barbados,97924.13174692626,921.5054563755773
BRB,2022,2022-12-31,105515.0,568.0,58.17,55.03,22.07,282318.0,Barbados,373745.2093029846,2011.9156412272687
BLR,2020,2020-12-31,184922.0,1376.0,0.0,,,9379952.0,Belarus,19714.599818847688,146.69584663119812
BLR,2021,2021-12-31,692601.0,5484.0,45.68,33.86,1.2,9302585.0,Belarus,74452.53120503602,589.5135599405972
BLR,2022,2022-12-31,994037.0,7118.0,67.52,66.42,48.38,9228071.0,Belarus,107718.82877797539,771.3421364009878
BEL,2020,2020-12-31,638760.0,19374.0,0.01,0.0,,11538604.0,Belgium,55358.51650684953,1679.0592692148894
BEL,2021,2021-12-31,2048110.0,28192.0,76.7,75.75,37.65,11586195.0,Belgium,176771.58031605717,2433.240593654776
BEL,2022,2022-12-31,4679472.0,33240.0,79.44,78.61,99.54,11680210.0,Belgium,400632.52287416067,2845.8392443286552
BLZ,2020,2020-12-31,10490.0,228.0,,,,390812.0,Belize,26841.550412986297,583.4007144099976
BLZ,2021,2021-12-31,31503.0,592.0,56.78,49.13,,395346.0,Belize,79684.6306779378,1497.4225109144902
BLZ,2022,2022-12-31,69675.0,688.0,62.13,54.59,12.59,402733.0,Belize,173005.44032895242,1708.3278499651135
BEN,2020,2020-12-31,3205.0,44.0,,,,13070169.0,Benin,245.21488589780287,3.3664446113894932
BEN,2021,2021-12-31,24935.0,161.0,12.73,9.88,,13413417.0,Benin,1858.959577563271,12.002907238327117
BEN,2022,2022-12-31,27985.0,163.0,27.69,20.54,,13759501.0,Benin,2033.8673619050576,11.84635983528763
BMU,2020,2020-12-31,561.0,9.0,,,,64382.0,Bermuda,8713.615606846635,139.79062470876954
BMU,2021,2021-12-31,6064.0,106.0,71.95,70.42,31.57,64648.0,Bermuda,93800.27224353421,1639.6485583467393
BMU,2022,2022-12-31,18557.0,152.0,75.62,74.22,55.81,64749.0,Bermuda,286599.02083429863,2347.526602727455
BTN,2020,2020-12-31,597.0,0.0,,,,770006.0,Bhutan,775.3186338807749,0.0
BTN,2021,2021-12-31,2660.0,3.0,75.37,72.22,,775442.0,Bhutan,3430.3016860061744,3.8687613000069634
BTN,2022,2022-12-31,62531.0,21.0,89.35,86.61,81.11,780914.0,Bhutan,80074.11827678847,26.891565524500777
BOL,2020,2020-12-31,153590.0,9083.0,,,,11816299.0,"Bolivia, Plurinational State of",12998.147727981494,768.6840016489089
BOL,2021,2021-12-31,575247.0,19530.0,46.1,37.58,4.48,11937360.0,"Bolivia, Plurinational State of",48188.79551257565,1636.040129475864
BOL,2022,2022-12-31,1146741.0,22280.0,60.22,50.4,17.73,12077154.0,"Bolivia, Plurinational State of",94951.26086824761,1844.805489770189
BES,2020,2020-12-31,182.0,3.0,,,,,"Bonaire, Sint Eustatius and Saba",,
BES,2021,2021-12-31,3239.0,22.0,70.64,61.87,,,"Bonaire, Sint Eustatius and Saba",,
BES,2022,2022-12-31,11716.0,39.0,,,,,"Bonaire, Sint Eustatius and Saba",,
BIH,2020,2020-12-31,109330.0,3923.0,,,,3299349.0,Bosnia and Herzegovina,33136.84002510799,1189.0224404875023
BIH,2021,2021-12-31,287716.0,13283.0,27.3,22.29,0.7,3244907.0,Bosnia and Herzegovina,88666.94792793752,4093.491739516726
BIH,2022,2022-12-31,400960.0,16222.0,29.18,26.17,3.73,3204802.0,Bosnia and Herzegovina,125112.25342470456,5061.779167636565
BWA,2020,2020-12-31,13890.0,39.0,,,,2365894.0,Botswana,5870.930819385822,16.48425500043535
BWA,2021,2021-12-31,212482.0,2439.0,44.45,39.31,,2401441.0,Botswana,88481.04117486127,1015.6401927009658
BWA,2022,2022-12-31,328031.0,2786.0,64.14,54.22,18.99,2439892.0,Botswana,134444.8852654134,1141.8538197592352
BVT,2020,,,,,,,,Bouvet Island,,
BVT,2021,,,,,,,,Bouvet Island,,
BVT,2022,,,,,,,,Bouvet Island,,
BRA,2020,2020-12-31,7448560.0,190488.0,,,,208660842.0,Brazil,35696.9708767877,912.9072717918008
BRA,2021,2021-12-31,22230737.0,618392.0,77.19,66.62,12.34,209550294.0,Brazil,106087.83493283956,2951.043342368205
BRA,2022,2022-12-31,36124337.0,692743.0,87.57,81.22,56.95,210306415.0,Brazil,171770.01947372835,3293.969896258276
IOT,2020,,,,,,,,British Indian Ocean Territory,,
IOT,2021,,,,,,,,British Indian Ocean Territory,,
IOT,2022,,,,,,,,British Indian Ocean Territory,,
BRN,2020,2020-12-31,152.0,3.0,,,,447404.0,Brunei Darussalam,339.7376867439719,6.705349080473129
BRN,2021,2021-12-31,15447.0,61.0,90.4,89.24,,451721.0,Brunei Darussalam,34195.886398905524,135.03910599684318
BRN,2022,2022-12-31,268615.0,148.0,100.31,99.32,75.5,455370.0,Brunei Darussalam,589882.9523244834,325.01043107802445
BGR,2020,2020-12-31,197384.0,7123.0,0.07,,,6550696.0,Bulgaria,30131.76004503949,1087.3653730840203
BGR,2021,2021-12-31,733882.0,30528.0,28.08,28.24,4.06,6507301.0,Bulgaria,112778.24707970324,4691.3459205283425
BGR,2022,2022-12-31,1280617.0,38036.0,31.03,30.59,11.33,6465097.0,Bulgaria,198081.6374448829,5883.283731087097
BFA,2020,2020-12-31,6344.0,78.0,,,,21478690.0,Burkina Faso,295.36251978123437,3.631506390752881
BFA,2021,2021-12-31,17040.0,317.0,4.29,2.86,,21995243.0,Burkina Faso,774.7129686178052,14.412207221352363
BFA,2022,2022-12-31,22006.0,395.0,19.26,14.71,,22509038.0,Burkina Faso,977.6517326062536,17.548506515471693
BDI,2020,2020-12-31,809.0,2.0,,,,12617036.0,Burundi,64.11965536121161,0.1585158352563946
BDI,2021,2021-12-31,26999.0,14.0,0.03,0.03,,12965481.0,Burundi,2082.375501533649,1.079790252286051
BDI,2022,2022-12-31,52051.0,15.0,0.22,0.22,0.0,13321097.0,Burundi,3907.4109286945363,1.1260333889919125
KHM,2020,2020-12-31,364.0,0.0,,,,16725474.0,Cambodia,21.76320981994292,0.0
KHM,2021,2021-12-31,120449.0,3008.0,85.06,81.46,21.4,16974305.0,Cambodia,7095.960629905024,177.2090226963637
KHM,2022,2022-12-31,138495.0,3056.0,90.9,87.11,62.17,17201724.0,Cambodia,8051.227888553496,177.6566116279973
CMR,2020,2020-12-31,26277.0,448.0,,,,26210558.0,Cameroon,1002.5349326786557,17.092348816076328
CMR,2021,2021-12-31,108676.0,1851.0,2.99,2.36,,26915758.0,Cameroon,4037.634756561565,68.7701234347552
CMR,2022,2022-12-31,123993.0,1965.0,11.58,9.78,1.63,27632771.0,Cameroon,4487.172133406381,71.11121790862016
CAN,2020,2020-12-31,539241.0,14734.0,0.25,0.0,,38028638.0,Canada,14179.866236597798,387.44485143012486
CAN,2021,2021-12-31,1961723.0,29851.0,82.56,76.55,19.9,38239864.0,Canada,51300.470106274435,780.6251612191926
CAN,2022,2022-12-31,4476385.0,48421.0,90.02,82.52,77.9,38935934.0,Canada,114967.96249962824,1243.6069981010344
CPV,2020,2020-12-31,11698.0,112.0,,,,514679.0,Cape Verde,22728.729946238334,217.6113655307483
CPV,2021,2021-12-31,39013.0,352.0,51.05,43.15,,516649.0,Cape Verde,75511.61426810078,681.3136191108471
CPV,2022,2022-12-31,63190.0,412.0,60.14,52.05,0.13,519741.0,Cape Verde,121579.78685537605,792.7025191393406
CYM,2020,2020-12-31,318.0,2.0,0.0,,,68684.0,Cayman Islands,4629.89924873333,29.118863199580687
CYM,2021,2021-12-31,8386.0,11.0,85.26,82.78,,70108.0,Cayman Islands,119615.45044788042,156.90078165116677
CYM,2022,2022-12-31,31472.0,37.0,89.97,88.09,35.02,71591.0,Cayman Islands,439608.3306560881,516.824740540012
CAF,2020,2020-12-31,5814.0,63.0,,,,5026628.0,Central African Republic,1156.6401969670324,12.533252908311496
CAF,2021,2021-12-31,12268.0,101.0,6.72,6.0,,5112100.0,Central African Republic,2399.796561100135,19.75704700612273
CAF,2022,2022-12-31,15360.0,113.0,35.58,34.68,3.84,5098039.0,Central African Republic,3012.9232043929046,22.165385553150927
TCD,2020,2020-12-31,1986.0,104.0,,,,17224679.0,Chad,115.29968134674672,6.037848368611107
TCD,2021,2021-12-31,5701.0,181.0,1.16,0.46,,17828273.0,Chad,319.77298081536,10.152413528780942
TCD,2022,2022-12-31,7649.0,194.0,21.16,20.45,,18455316.0,Chad,414.46052725404434,10.511876361260896
CHL,2020,2020-12-31,598394.0,16404.0,0.04,,,19370624.0,Chile,30891.828781561195,846.8493322672517
CHL,2021,2021-12-31,1799125.0,39013.0,88.29,84.41,56.28,19456334.0,Chile,92469.88667032546,2005.1567782502088
CHL,2022,2022-12-31,5006159.0,63012.0,92.24,90.27,139.87,19553036.0,Chile,256029.7541517338,3222.6197507128813
CHN,2020,2020-12-31,96324.0,4777.0,,,,1411100000.0,China,68.26163985543194,3.3853022464743816
CHN,2021,2021-12-31,130858.0,5699.0,88.36,84.68,8.46,1412360000.0,China,92.65201506698008,4.035090203630802
CHN,2022,2022-12-31,62445650.0,38995.0,91.68,89.35,57.21,1412175000.0,China,44219.48412909165,27.613433179315592
CXR,2020,,,,,,,,Christmas Island,,
CXR,2021,,,,,,,,Christmas Island,,
CXR,2022,,,,,,,,Christmas Island,,
CCK,2020,,,,,,,,Cocos (Keeling) Islands,,
CCK,2021,,,,,,,,Cocos (Keeling) Islands,,
CCK,2022,,,,,,,,Cocos (Keeling) Islands,,
COL,2020,2020-12-31,1574707.0,41690.0,,,,50629997.0,Colombia,31102.25347238318,823.424895719429
COL,2021,2021-12-31,5118254.0,129686.0,73.94,54.6,6.41,51188173.0,Colombia,99988.99550487961,2533.5149195498734
COL,2022,2022-12-31,6338339.0,142076.0,82.72,71.09,27.99,51737944.0,Colombia,122508.52101892569,2746.069693067046
COM,2020,2020-12-31,661.0,7.0,,,,802163.0,Comoros,824.0220503812816,8.726405979832029
COM,2021,2021-12-31,5603.0,153.0,40.08,29.41,,818174.0,Comoros,6848.176549242582,187.00178690596377
COM,2022,2022-12-31,8982.0,160.0,52.44,47.45,,834188.0,Comoros,10767.356998662173,191.80328654931503
COG,2020,2020-12-31,6389.0,100.0,,,,5752791.0,Congo,1110.5913633921343,17.382866855409834
COG,2021,2021-12-31,20089.0,367.0,10.43,2.28,,5892183.0,Congo,3409.4324633162278,62.285913387279386
COG,2022,2022-12-31,25063.0,386.0,11.65,10.96,,6035104.0,Congo,4152.869610863376,63.95912978467314
COD,2020,2020-12-31,16837.0,579.0,,,,95989998.0,"Congo, the Democratic Republic of the",175.40369153877884,6.031878446335627
COD,2021,2021-12-31,75044.0,1205.0,0.26,0.12,,99148932.0,"Congo, the Democratic Republic of the",756.8815768988818,12.153433987569327
COD,2022,2022-12-31,95070.0,1462.0,9.24,6.92,,102396968.0,"Congo, the Democratic Republic of the",928.4454594397756,14.277766505742632
COK,2020,2020-12-31,0.0,0.0,,,,,Cook Islands,,
COK,2021,2021-12-31,0.0,0.0,75.39,73.38,,,Cook Islands,,
COK,2022,2022-12-31,6625.0,1.0,88.56,86.4,59.94,,Cook Islands,,
CRI,2020,2020-12-31,164062.0,2103.0,0.0,,,5034320.0,Costa Rica,32588.71108709816,417.7326828648159
CRI,2021,2021-12-31,569523.0,7349.0,76.14,67.66,5.91,5059988.0,Costa Rica,112554.21949617272,1452.3749858695317
CRI,2022,2022-12-31,1161687.0,9072.0,88.54,82.82,53.55,5081765.0,Costa Rica,228599.11861331644,1785.2065178141847
CIV,2020,2020-12-31,22081.0,134.0,,,,28915449.0,Côte d'Ivoire,763.6402256800508,4.634200907618623
CIV,2021,2021-12-31,63847.0,707.0,17.58,7.68,,29639736.0,Côte d'Ivoire,2154.101507516801,23.853113941365738
CIV,2022,2022-12-31,87933.0,830.0,46.69,41.41,7.21,30395002.0,Côte d'Ivoire,2893.008528178416,27.307121085236314
HRV,2020,2020-12-31,204312.0,3613.0,0.2,,,3914206.0,Croatia,52197.55935175614,923.0479949190207
HRV,2021,2021-12-31,693102.0,12279.0,56.06,48.47,,3878981.0,Croatia,178681.46299247147,3165.5220791233573
HRV,2022,2022-12-31,1261766.0,17515.0,57.58,55.84,14.76,3855641.0,Croatia,327251.9407278842,4542.694716650228
CUB,2020,2020-12-31,11038.0,141.0,,,,11176354.0,Cuba,987.6208287604346,12.615921077660925
CUB,2021,2021-12-31,964607.0,8320.0,93.19,86.27,19.39,11122168.0,Cuba,86728.32490931624,748.0555949163869
CUB,2022,2022-12-31,1111827.0,8530.0,95.6,89.22,77.37,11059820.0,Cuba,100528.48961375502,771.2602917588171
CUW,2020,2020-12-31,4051.0,12.0,,,,155482.0,Curaçao,26054.462896026547,77.17935195070812
CUW,2021,2021-12-31,18299.0,186.0,54.6,50.54,8.42,153948.0,Curaçao,118864.81149479044,1208.200171486476
CUW,2022,2022-12-31,45707.0,299.0,56.81,52.29,24.83,153321.0,Curaçao,298113.10909790575,1950.1568604431225
CYP,2020,2020-12-31,19392.0,114.0,,,,1302247.0,Cyprus,14891.184237706058,87.54099644691061
CYP,2021,2021-12-31,149848.0,637.0,71.53,67.84,29.94,1317309.0,Cyprus,113753.11335457361,483.56156376370313
CYP,2022,2022-12-31,628509.0,1255.0,74.88,72.1,53.63,1331370.0,Cyprus,472076.8832105275,942.6380345058097
CZE,2020,2020-12-31,675062.0,11367.0,0.11,0.0,,10697858.0,Czech Republic,63102.53884469209,1062.5491570368574
CZE,2021,2021-12-31,2486451.0,35988.0,65.09,63.48,22.99,10505772.0,Czech Republic,236674.753649708,3425.545500130785
CZE,2022,2022-12-31,4577526.0,42099.0,66.49,65.69,49.0,10672118.0,Czech Republic,428923.85560204636,3944.7652284204505
DNK,2020,2020-12-31,151167.0,1159.0,0.0,,,5831404.0,Denmark,25922.916676669975,198.7514499081182
DNK,2021,2021-12-31,697563.0,3197.0,79.79,76.63,46.34,5856733.0,Denmark,119104.45635817785,545.8674657014413
DNK,2022,2022-12-31,3381851.0,7712.0,80.68,80.09,61.44,5903037.0,Denmark,572900.1868021495,1306.4461564445555
DJI,2020,2020-12-31,5805.0,61.0,,,,1105188.0,Djibouti,5252.500027144703,55.19422939807526
DJI,2021,2021-12-31,13568.0,189.0,3.45,2.33,,1121248.0,Djibouti,12100.801963526355,168.56217357801307
DJI,2022,2022-12-31,15690.0,189.0,28.32,26.5,,1137096.0,Djibouti,13798.307266932607,166.2128791236624
DMA,2020,2020-12-31,96.0,0.0,,,,67573.0,Dominica,1420.6857768635402,0.0
DMA,2021,2021-12-31,6559.0,45.0,40.44,37.96,,67202.0,Dominica,97601.26186720633,669.6229278890509
DMA,2022,2022-12-31,15760.0,74.0,45.35,42.14,5.49,66826.0,Dominica,235836.35112082123,1107.3534253135008
DOM,2020,2020-12-31,165940.0,2404.0,,,,11008300.0,Dominican Republic,15074.080466557052,218.38067639871736
DOM,2021,2021-12-31,413887.0,4237.0,61.79,50.76,12.9,11123476.0,Dominican Republic,37208.422978572526,380.90611244183026
DOM,2022,2022-12-31,658587.0,4384.0,65.01,54.07,22.39,11230734.0,Dominican Republic,58641.49217673573,390.35738892934336
ECU,2020,2020-12-31,209274.0,13990.0,,,,17546065.0,Ecuador,11927.118701543623,797.3297716610533
ECU,2021,2021-12-31,541368.0,33647.0,79.02,70.5,6.27,17682454.0,Ecuador,30616.112446835716,1902.846742878562
ECU,2022,2022-12-31,1040463.0,35934.0,85.08,78.97,57.39,17823897.0,Ecuador,58374.6079771444,2016.0574312115918
EGY,2020,2020-12-31,131315.0,7352.0,,,,109315124.0,Egypt,1201.2518963066811,67.2551036945263
EGY,2021,2021-12-31,380520.0,21571.0,29.82,18.58,,110957008.0,Egypt,3429.436381341501,194.40863077346137
EGY,2022,2022-12-31,515514.0,24802.0,48.41,36.12,8.93,112618250.0,Egypt,4577.535168589461,220.2307352493934
SLV,2020,2020-12-31,44619.0,1297.0,,,,6234673.0,El Salvador,7156.590249400409,208.030156513421
SLV,2021,2021-12-31,121741.0,3818.0,70.76,65.6,15.47,6255782.0,El Salvador,19460.55664983211,610.3153850310001
SLV,2022,2022-12-31,201785.0,4230.0,73.43,68.56,36.18,6280319.0,El Salvador,32129.73735888257,673.5326660954643
GNQ,2020,2020-12-31,5236.0,86.0,,,,1716468.0,Equatorial Guinea,3050.450110342867,50.102885693179246
GNQ,2021,2021-12-31,13630.0,175.0,14.88,12.14,,1758786.0,Equatorial Guinea,7749.663688476028,99.50045087918599
GNQ,2022,2022-12-31,17089.0,183.0,16.13,12.78,0.27,1803545.0,Equatorial Guinea,9475.227953835363,101.46683337538016
ERI,2020,2020-12-31,997.0,1.0,,,,3291271.0,Eritrea,302.92248799931696,0.30383398996922467
ERI,2021,2021-12-31,7873.0,72.0,,,,3350183.0,Eritrea,2350.0208794564355,21.49136330761633
ERI,2022,2022-12-31,10189.0,103.0,,,,3409447.0,Eritrea,2988.4611786016912,30.210177779563665
EST,2020,2020-12-31,31031.0,284.0,0.19,0.01,,1329522.0,Estonia,23339.967296517094,213.61060591701377
EST,2021,2021-12-31,226809.0,1828.0,63.5,62.42,24.98,1330932.0,Estonia,170413.66501068426,1373.4736260004267
EST,2022,2022-12-31,594217.0,2727.0,65.5,64.93,44.52,1348840.0,Estonia,440539.2781945968,2021.7371964058004
ETH,2020,2020-12-31,122413.0,1901.0,,,,118917671.0,Ethiopia,1029.3928477627182,15.985849571507332
ETH,2021,2021-12-31,395750.0,6894.0,7.57,,,122138588.0,Ethiopia,3240.1717301660633,56.44407809921628
ETH,2022,2022-12-31,497096.0,7572.0,34.94,29.75,1.96,125384287.0,Ethiopia,3964.5797084605983,60.39034221249749
FLK,2020,2020-12-31,29.0,0.0,,,,,Falkland Islands (Malvinas),,
FLK,2021,2021-12-31,81.0,0.0,69.24,46.7,,,Falkland Islands (Malvinas),,
FLK,2022,2022-12-31,1923.0,0.0,,,,,Falkland Islands (Malvinas),,
FRO,2020,2020-12-31,574.0,0.0,,,,52565.0,Faroe Islands,10919.813564158661,0.0
FRO,2021,2021-12-31,5150.0,13.0,78.01,76.3,26.87,53296.0,Faroe Islands,96630.14109876913,243.9207445211648
FRO,2022,2022-12-31,34658.0,28.0,78.53,76.99,40.07,53912.0,Faroe Islands,642862.4424988871,519.3648909333729
FJI,2020,2020-12-31,46.0,2.0,,,,914963.0,Fiji,50.27525703225158,2.185880740532677
FJI,2021,2021-12-31,52944.0,697.0,71.14,65.13,,916711.0,Fiji,57754.29770123845,760.3268641916591
FJI,2022,2022-12-31,68702.0,881.0,76.53,68.89,18.31,919422.0,Fiji,74723.03251390546,958.2107019410021
FIN,2020,2020-12-31,38052.0,618.0,,,,5529543.0,Finland,6881.581353106396,111.76330485177527
FIN,2021,2021-12-31,322835.0,1836.0,77.16,73.73,20.44,5541017.0,Finland,58262.77017377857,331.3471155204902
FIN,2022,2022-12-31,1456149.0,8698.0,81.65,78.44,77.2,5556106.0,Finland,262080.85302908192,1565.4848917569248
FRA,2020,2020-12-31,2338258.0,63534.0,0.0,0.0,,67601110.0,France,34589.04742836323,939.8366387770851
FRA,2021,2021-12-31,8709926.0,124165.0,78.5,73.21,33.1,67842811.0,France,128383.91970521388,1830.1865469577904
FRA,2022,2022-12-31,37989547.0,161667.0,80.58,78.38,68.94,68184457.0,France,557158.4591485417,2371.024235039373
GUF,2020,2020-12-31,12773.0,71.0,,,,,French Guiana,,
GUF,2021,2021-12-31,47229.0,337.0,,,,,French Guiana,,
GUF,2022,2022-12-31,97776.0,413.0,,,,,French Guiana,,
PYF,2020,2020-12-31,16550.0,108.0,,,,279209.0,French Polynesia,59274.59358401771,386.8070155331669
PYF,2021,2021-12-31,46382.0,636.0,55.5,51.94,,279792.0,French Polynesia,165773.14576542572,2273.117172756905
PYF,2022,2022-12-31,77910.0,649.0,62.28,60.75,36.64,280378.0,French Polynesia,277874.86892694863,2314.732254313819
ATF,2020,,,,,,,,French Southern Territories,,
ATF,2021,,,,,,,,French Southern Territories,,
ATF,2022,,,,,,,,French Southern Territories,,
GAB,2020,2020-12-31,9497.0,64.0,,,,2322539.0,Gabon,4089.0594302183945,27.556049650834712
GAB,2021,2021-12-31,38870.0,287.0,9.2,7.25,,2376722.0,Gabon,16354.45794670138,120.75455185755844
GAB,2022,2022-12-31,48979.0,306.0,13.02,10.77,0.11,2430747.0,Gabon,20149.772888745723,125.88722725976831
GMB,2020,2020-12-31,3792.0,123.0,,,,2515733.0,Gambia,1507.3141704624456,48.89231090898756
GMB,2021,2021-12-31,10136.0,342.0,9.72,9.22,,2576010.0,Gambia,3934.7673339777407,132.7634597691779
GMB,2022,2022-12-31,12586.0,372.0,20.28,16.79,1.15,2636470.0,Gambia,4773.807401563454,141.0977557112351
GEO,2020,2020-12-31,221605.0,2377.0,,,,3722716.0,Georgia,59527.774882639445,638.5123119786737
GEO,2021,2021-12-31,924368.0,13512.0,36.43,30.68,,3708610.0,Georgia,249249.17961176828,3643.413570043763
GEO,2022,2022-12-31,1809179.0,16898.0,44.19,34.08,2.16,3712502.0,Georgia,487320.68023128336,4551.647379583903
DEU,2020,2020-12-31,1660178.0,47009.0,0.25,,,83160871.0,Germany,19963.451320753964,565.2778696846501
DEU,2021,2021-12-31,7014043.0,117692.0,75.27,70.96,41.19,83196078.0,Germany,84307.37564335665,1414.6339927225897
DEU,2022,2022-12-31,37241936.0,165738.0,77.8,76.23,77.23,83177813.0,Germany,447738.82188991917,1992.574630448627
GHA,2020,2020-12-31,54681.0,335.0,,,,31887809.0,Ghana,1714.7932615878376,10.50558224304467
GHA,2021,2021-12-31,141295.0,1287.0,17.25,6.97,,32518665.0,Ghana,4345.043069880021,39.57727046912904
GHA,2022,2022-12-31,171038.0,1461.0,36.33,27.43,8.2,33149152.0,Ghana,5159.649332809478,44.07352562140956
GIB,2020,2020-12-31,1526.0,6.0,,,,36173.0,Gibraltar,42186.16094877395,165.86957122715836
GIB,2021,2021-12-31,8142.0,100.0,126.0,122.61,82.89,36858.0,Gibraltar,220901.83949210483,2713.115198871344
GIB,2022,2022-12-31,20275.0,110.0,129.07,126.89,150.47,37609.0,Gibraltar,539099.6835863756,2924.831822170225
GRC,2020,2020-12-31,139692.0,4682.0,0.02,,,10698599.0,Greece,13057.036720415448,437.6273940167306
GRC,2021,2021-12-31,1085087.0,20505.0,71.92,67.8,33.99,10569207.0,Greece,102664.9397632197,1940.0698652226226
GRC,2022,2022-12-31,5023163.0,34976.0,76.38,73.6,67.6,10436882.0,Greece,481289.6227053252,3351.1924346754136
GRL,2020,2020-12-31,26.0,0.0,,,,56367.0,Greenland,461.2627956073589,0.0
GRL,2021,2021-12-31,2141.0,1.0,71.6,67.36,,56653.0,Greenland,37791.46735389123,17.65131590560076
GRL,2022,2022-12-31,11971.0,21.0,72.98,68.17,,56661.0,Greenland,211274.06858332892,370.62529782390004
GRD,2020,2020-12-31,116.0,0.0,,,,116341.0,Grenada,997.0689610713334,0.0
GRD,2021,2021-12-31,5956.0,200.0,32.91,28.26,,116688.0,Grenada,51042.09515974222,1713.9723022075964
GRD,2022,2022-12-31,19660.0,238.0,35.21,31.07,5.86,116913.0,Grenada,168159.22951254353,2035.7017611386243
GLP,2020,2020-12-31,8620.0,155.0,,,,,Guadeloupe,,
GLP,2021,2021-12-31,55795.0,831.0,,,,,Guadeloupe,,
GLP,2022,2022-12-31,199988.0,999.0,,,,,Guadeloupe,,
GUM,2020,2020-12-31,7094.0,121.0,,,,162158.0,Guam,43747.45618470874,746.1858187693484
GUM,2021,2021-12-31,15260.0,270.0,,,,163730.0,Guam,93202.22317229585,1649.056373297502
GUM,2022,2022-12-31,49938.0,411.0,,,,165180.0,Guam,302324.73665092624,2488.194696694515
GTM,2020,2020-12-31,135171.0,4763.0,,,,17357325.0,Guatemala,7787.547908447874,274.4086430368735
GTM,2021,2021-12-31,625029.0,16095.0,36.62,26.27,0.5,17598650.0,Guatemala,35515.735581990666,914.5587871796985
GTM,2022,2022-12-31,1195644.0,19990.0,49.63,39.38,22.82,17847877.0,Guatemala,66990.82473506512,1120.021165542546
GGY,2020,2020-12-31,297.0,16.0,,,,,Guernsey,,
GGY,2021,2021-12-31,6646.0,23.0,52.06,21.5,,,Guernsey,,
GGY,2022,2022-12-31,33794.0,60.0,85.62,83.23,109.49,,Guernsey,,
GIN,2020,2020-12-31,13674.0,80.0,,,,13371183.0,Guinea,1022.6469864334367,5.983015863293472
GIN,2021,2021-12-31,31130.0,389.0,14.62,6.68,,13710513.0,Guinea,2270.5204393154363,28.372388400054763
GIN,2022,2022-12-31,38211.0,466.0,43.92,23.77,1.62,14055137.0,Guinea,2718.6501277077555,33.15513751306729
GNB,2020,2020-12-31,2447.0,45.0,,,,2013255.0,Guinea-Bissau,1215.4446406441311,22.351863027783367
GNB,2021,2021-12-31,6466.0,149.0,18.56,1.1,,2058841.0,Guinea-Bissau,3140.601921177983,72.37081445337449
GNB,2022,2022-12-31,8947.0,176.0,25.82,17.16,0.04,2105529.0,Guinea-Bissau,4249.288421104625,83.5894447428651
GUY,2020,2020-12-31,6289.0,162.0,,,,807481.0,Guyana,7788.41855102473,200.62391560915984
GUY,2021,2021-12-31,39042.0,1042.0,50.76,36.37,1.37,815482.0,Guyana,47875.9800952075,1277.771918938738
GUY,2022,2022-12-31,72004.0,1286.0,61.01,47.0,9.91,821637.0,Guyana,87634.80709851187,1565.1680730054757
HTI,2020,2020-12-31,9846.0,235.0,,,,11243848.0,Haiti,875.678860119774,20.900318111735412
HTI,2021,2021-12-31,25974.0,766.0,1.07,0.64,,11374586.0,Haiti,2283.5116812163537,67.34311033386182
HTI,2022,2022-12-31,33912.0,860.0,3.44,2.05,,11503606.0,Haiti,2947.9451921423597,74.75916682125587
HMD,2020,,,,,,,,Heard Island and McDonald Islands,,
HMD,2021,,,,,,,,Heard Island and McDonald Islands,,
HMD,2022,,,,,,,,Heard Island and McDonald Islands,,
VAT,2020,2020-12-31,26.0,0.0,,,,,Holy See (Vatican City State),,
VAT,2021,2021-12-31,26.0,0.0,,,,,Holy See (Vatican City State),,
VAT,2022,2022-12-31,26.0,0.0,,,,,Holy See (Vatican City State),,
HND,2020,2020-12-31,118659.0,3061.0,,,,10119640.0,Honduras,11725.614745188564,302.4811159290251
HND,2021,2021-12-31,379073.0,10429.0,47.11,41.18,3.62,10289877.0,Honduras,36839.41022813003,1013.5203754136224
HND,2022,2022-12-31,463685.0,11063.0,61.76,55.19,43.05,10463872.0,Honduras,44312.94648864206,1057.2568165971447
HKG,2020,2020-12-31,,,,,,7481000.0,Hong Kong,,
HKG,2021,2021-12-31,,,65.11,62.25,5.17,7413100.0,Hong Kong,,
HKG,2022,2022-12-31,,,92.25,90.64,88.7,7346100.0,Hong Kong,,
HUN,2020,2020-12-31,316060.0,9047.0,,,,9670419.0,Hungary,32683.17536189487,935.5334034647309
HUN,2021,2021-12-31,1237330.0,38307.0,62.87,60.01,31.87,9630932.0,Hungary,128474.58584485904,3977.496674257486
HUN,2022,2022-12-31,2181419.0,48439.0,64.42,62.28,43.31,9605074.0,Hungary,227111.10814971337,5043.06369737495
ISL,2020,2020-12-31,5743.0,28.0,1.31,,,366463.0,Iceland,15671.432040888167,76.40607646610981
ISL,2021,2021-12-31,24206.0,37.0,77.3,76.14,53.88,372520.0,Iceland,64979.061526897895,99.32352625362397
ISL,2022,2022-12-31,207213.0,186.0,83.07,77.82,67.19,382003.0,Iceland,542438.1483915048,486.9071708860925
IND,2020,2020-12-31,10187850.0,147622.0,,,,1402617695.0,India,7263.454636510914,105.24749582600981
IND,2021,2021-12-31,34786802.0,479682.0,59.67,42.57,,1414203896.0,India,24598.15172224642,339.18871342156166
IND,2022,2022-12-31,44677106.0,530693.0,72.48,67.12,15.71,1425423212.0,India,31343.046488848675,372.30556899335807
IDN,2020,2020-12-31,713365.0,21237.0,,,,274814866.0,Indonesia,2595.802077170017,77.27747886826472
IDN,2021,2021-12-31,4261759.0,144055.0,58.47,41.26,,276758053.0,Indonesia,15398.861763202245,520.5087925661915
IDN,2022,2022-12-31,6716124.0,160537.0,73.89,62.63,24.34,278830529.0,Indonesia,24086.759882738665,575.751158152413
IRN,2020,2020-12-31,1194963.0,54574.0,,,,87723443.0,"Iran, Islamic Republic of",13621.934560867612,622.1142049793918
IRN,2021,2021-12-31,6182905.0,131348.0,67.19,57.81,4.26,88455488.0,"Iran, Islamic Republic of",69898.48950920942,1484.9050406007595
IRN,2022,2022-12-31,7560731.0,144673.0,73.53,66.08,31.88,89524246.0,"Iran, Islamic Republic of",84454.56217525697,1616.020312530753
IRQ,2020,2020-12-31,590779.0,12767.0,,,,42116605.0,Iraq,14027.222754540637,303.1345950130596
IRQ,2021,2021-12-31,2092312.0,24122.0,19.06,12.67,,43071211.0,Iraq,48577.970097009806,560.0492635324324
IRQ,2022,2022-12-31,2465373.0,25374.0,25.47,17.85,0.62,44070551.0,Iraq,55941.50615452936,575.7586284773249
IRL,2020,2020-12-31,85176.0,2230.0,,,,5039747.0,Ireland,16900.848395762725,442.4825293809392
IRL,2021,2021-12-31,696093.0,6054.0,78.37,77.33,45.39,5110585.0,Ireland,136206.12904393527,1184.6001974333662
IRL,2022,2022-12-31,1689764.0,8437.0,81.78,80.88,63.31,5212836.0,Ireland,324154.45258588606,1618.5047831928723
IMN,2020,2020-12-31,377.0,35.0,,,,84064.0,Isle of Man,4484.678340312143,416.3494480395889
IMN,2021,2021-12-31,13913.0,67.0,81.38,77.43,51.54,84106.0,Isle of Man,165422.20531234395,796.6137968753715
IMN,2022,2022-12-31,38008.0,116.0,82.29,79.38,63.08,84132.0,Isle of Man,451766.2720486854,1378.7857176817383
ISR,2020,2020-12-31,399105.0,3242.0,10.5,0.0,,9215100.0,Israel,43309.89354429143,351.8138707122006
ISR,2021,2021-12-31,1364768.0,8251.0,69.65,62.89,45.11,9371400.0,Israel,145631.17570480396,880.4447574535288
ISR,2022,2022-12-31,4756704.0,12026.0,71.14,65.18,60.63,9557500.0,Israel,497693.32984567096,1258.2788386084228
ITA,2020,2020-12-31,2039182.0,71627.0,0.07,,,59438851.0,Italy,34307.2244111852,1205.0535768263758
ITA,2021,2021-12-31,5622431.0,136530.0,82.13,75.73,33.38,59133173.0,Italy,95080.82713572634,2308.8563165720875
ITA,2022,2022-12-31,25060503.0,184168.0,86.27,81.2,79.67,59013667.0,Italy,424655.9191110764,3120.7686178864296
JAM,2020,2020-12-31,12684.0,294.0,,,,2830739.0,Jamaica,4480.808721680099,103.8598048071546
JAM,2021,2021-12-31,92355.0,2462.0,25.2,20.05,0.17,2837682.0,Jamaica,32545.930093646853,867.6095489205626
JAM,2022,2022-12-31,152791.0,3463.0,29.83,26.3,1.61,2839144.0,Jamaica,53815.86844485521,1219.7338352686584
JPN,2020,2020-12-31,217312.0,3213.0,,,,126261000.0,Japan,1721.1332081957216,25.44728776106636
JPN,2021,2021-12-31,1731789.0,18387.0,81.66,80.44,0.84,125681593.0,Japan,13779.177671626107,146.29827296985326
JPN,2022,2022-12-31,28266405.0,55813.0,84.35,83.22,133.48,125124989.0,Japan,225905.35452514605,446.05798127183056
JEY,2020,2020-12-31,2643.0,41.0,,,,,Jersey,,
JEY,2021,2021-12-31,17472.0,89.0,73.53,69.49,46.46,,Jersey,,
JEY,2022,2022-12-31,65386.0,146.0,76.12,73.86,66.45,,Jersey,,
JOR,2020,2020-12-31,286356.0,3729.0,,,,10865228.0,Jordan,26355.268384611903,343.204947010776
JOR,2021,2021-12-31,1051421.0,12444.0,38.38,34.86,,11066356.0,Jordan,95010.58885147017,1124.4893983168442
JOR,2022,2022-12-31,1746997.0,14122.0,42.72,40.39,6.04,11256263.0,Jordan,155202.21942220078,1254.5904444485705
KAZ,2020,2020-12-31,197142.0,2669.0,,,,19482117.0,Kazakhstan,10119.126170939226,136.99743205525357
KAZ,2021,2021-12-31,1069864.0,18185.0,46.33,43.9,,19743603.0,Kazakhstan,54187.88049982569,921.0578231339032
KAZ,2022,2022-12-31,1492221.0,19057.0,55.93,54.72,12.96,20034609.0,Kazakhstan,74482.16234217498,951.203989057136
KEN,2020,2020-12-31,95843.0,1655.0,,,,52217334.0,Kenya,1835.46329653674,31.694456097662897
KEN,2021,2021-12-31,281358.0,5359.0,10.98,7.69,0.01,53219166.0,Kenya,5286.779578620229,100.69680535767884
KEN,2022,2022-12-31,342470.0,5688.0,26.31,20.05,3.25,54252461.0,Kenya,6312.524698188346,104.84317015591238
KIR,2020,2020-12-31,0.0,0.0,,,,126099.0,Kiribati,0.0,0.0
KIR,2021,2021-12-31,0.0,0.0,45.33,17.28,,128377.0,Kiribati,0.0,0.0
KIR,2022,2022-12-31,3430.0,13.0,73.29,56.3,17.84,130469.0,Kiribati,26289.769983674283,99.6405276349171
PRK,2020,2020-12-31,0.0,0.0,,,,26136312.0,"Korea, Democratic People's Republic of",0.0,0.0
PRK,2021,2021-12-31,0.0,0.0,,,,26232534.0,"Korea, Democratic People's Republic of",0.0,0.0
PRK,2022,2022-12-31,0.0,0.0,,,,26328845.0,"Korea, Democratic People's Republic of",0.0,0.0
KOR,2020,2020-12-31,56855.0,808.0,,,,51836239.0,"Korea, Republic of",1096.8195435629502,15.587550632290277
KOR,2021,2021-12-31,611667.0,5300.0,84.84,81.67,35.68,51769539.0,"Korea, Republic of",11815.191168690917,102.37680501655616
KOR,2022,2022-12-31,28659055.0,31882.0,86.4,85.6,79.76,51672569.0,"Korea, Republic of",554628.0271066066,617.0004824029554
KWT,2020,2020-12-31,149449.0,929.0,,,,4400267.0,Kuwait,33963.62084391697,211.12355227535056
KWT,2021,2021-12-31,414911.0,2468.0,78.11,75.35,8.92,4360865.0,Kuwait,95144.19730947874,565.942765942078
KWT,2022,2022-12-31,662918.0,2570.0,80.93,78.32,34.13,4589643.0,Kuwait,144437.81357286396,559.9564061954273
KGZ,2020,2020-12-31,0.0,0.0,,,,6726596.0,Kyrgyzstan,0.0,0.0
KGZ,2021,2021-12-31,68891.0,860.0,18.57,14.95,,6851224.0,Kyrgyzstan,10055.283552252853,125.52501567603103
KGZ,2022,2022-12-31,88455.0,1024.0,24.69,20.53,,6975220.0,Kyrgyzstan,12681.320445806728,146.80540542090426
LAO,2020,2020-12-31,41.0,0.0,,,,7346533.0,Lao People's Democratic Republic,5.580863789763144,0.0
LAO,2021,2021-12-31,106231.0,325.0,49.73,41.16,,7453194.0,Lao People's Democratic Republic,14253.083979834686,43.60546632759056
LAO,2022,2022-12-31,217642.0,671.0,78.21,69.36,,7559007.0,Lao People's Democratic Republic,28792.40619832737,88.76827339887369
LVA,2020,2020-12-31,36330.0,632.0,0.13,0.0,,1900449.0,Latvia,19116.535092496564,332.5529914246581
LVA,2021,2021-12-31,271429.0,4815.0,71.01,68.22,13.97,1884490.0,Latvia,144033.1336329723,2555.0679494186757
LVA,2022,2022-12-31,970519.0,7011.0,72.74,70.57,28.61,1879383.0,Latvia,516402.98970459984,3730.4796308150067
LBN,2020,2020-12-31,169472.0,1379.0,,,,5702398.0,Lebanon,29719.426809563276,241.82808706091717
LBN,2021,2021-12-31,711259.0,9027.0,41.04,33.36,5.38,5718122.0,Lebanon,124386.81790979626,1578.6651631427242
LBN,2022,2022-12-31,1222126.0,10744.0,49.92,43.98,12.03,5744489.0,Lebanon,212747.55683229613,1870.31431342283
LSO,2020,2020-12-31,2577.0,64.0,,,,2235727.0,Lesotho,1152.6452022093931,28.626035289639567
LSO,2021,2021-12-31,28182.0,665.0,33.92,31.55,,2261542.0,Lesotho,12461.409073985804,294.0471589738329
LSO,2022,2022-12-31,34490.0,706.0,43.29,40.16,5.98,2286110.0,Lesotho,15086.763104137595,308.8215352717061
LBR,2020,2020-12-31,1821.0,89.0,,,,5149463.0,Liberia,353.6291065689762,17.283355565424976
LBR,2021,2021-12-31,6228.0,287.0,14.8,14.24,,5259323.0,Liberia,1184.1828311362508,54.56976116507771
LBR,2022,2022-12-31,8050.0,294.0,73.62,70.36,0.04,5373294.0,Liberia,1498.1499244225236,54.715040718039994
LBY,2020,2020-12-31,97653.0,1415.0,,,,7045399.0,Libya,13860.535081121736,200.84029307637508
LBY,2021,2021-12-31,384663.0,5641.0,27.22,12.12,,7135175.0,Libya,53910.80106654707,790.5902798459744
LBY,2022,2022-12-31,507121.0,6437.0,33.89,18.05,2.61,7223805.0,Libya,70201.36894614404,891.0816391084754
LIE,2020,2020-12-31,2088.0,39.0,0.0,,,38901.0,Liechtenstein,53674.712732320506,1002.5449217243773
LIE,2021,2021-12-31,6059.0,69.0,66.46,,30.93,39182.0,Liechtenstein,154637.33346945024,1761.0127099178194
LIE,2022,2022-12-31,21281.0,87.0,68.0,,55.71,39493.0,Liechtenstein,538854.9869597143,2202.922036816651
LTU,2020,2020-12-31,134219.0,1617.0,0.35,,,2810369.0,Lithuania,47758.497193784875,575.3692842470153
LTU,2021,2021-12-31,516006.0,7302.0,69.74,66.62,23.71,2808380.0,Lithuania,183737.9556897571,2600.0754883598374
LTU,2022,2022-12-31,1286222.0,9469.0,71.14,68.36,34.3,2831639.0,Lithuania,454232.33681977115,3343.999711827673
LUX,2020,2020-12-31,38383.0,285.0,0.19,,,630419.0,Luxembourg,60884.90353241257,452.08028311329446
LUX,2021,2021-12-31,95888.0,635.0,71.71,5.85,32.26,640064.0,Luxembourg,149810.0189981002,992.0882911708829
LUX,2022,2022-12-31,364867.0,955.0,74.41,,70.4,653103.0,Luxembourg,558666.8565295214,1462.2502116817716
MAC,2020,,,,,,,685400.0,Macao,,
MAC,2021,2021-12-31,,,70.93,66.4,,682500.0,Macao,,
MAC,2022,2022-12-31,,,97.31,91.87,67.64,677300.0,Macao,,
MKD,2020,2020-12-31,81796.0,2896.0,,,,1856124.0,"Macedonia, the Former Yugoslav Republic of",44068.17647958865,1560.2405873745504
MKD,2021,2021-12-31,223309.0,8352.0,40.26,39.01,4.56,1837114.0,"Macedonia, the Former Yugoslav Republic of",121554.24214283926,4546.261146559223
MKD,2022,2022-12-31,345588.0,9876.0,40.81,40.03,7.72,1831712.0,"Macedonia, the Former Yugoslav Republic of",188669.3978092626,5391.67729424713
MDG,2020,2020-12-31,17714.0,261.0,,,,28953556.0,Madagascar,611.807406316516,9.014436775917956
MDG,2021,2021-12-31,50279.0,1027.0,1.99,1.83,,29691083.0,Madagascar,1693.4040432273891,34.58950958440957
MDG,2022,2022-12-31,67735.0,1416.0,7.09,6.84,0.38,30437261.0,Madagascar,2225.3973509640045,46.521925872370716
MWI,2020,2020-12-31,6343.0,188.0,,,,19533888.0,Malawi,324.7177418033727,9.624300088134015
MWI,2021,2021-12-31,70682.0,2328.0,7.32,3.46,,20047258.0,Malawi,3525.76896052318,116.12560680368357
MWI,2022,2022-12-31,88160.0,2685.0,22.48,15.16,2.5,20568728.0,Malawi,4286.118227631772,130.5379700679595
MYS,2020,2020-12-31,103900.0,451.0,,,,33889558.0,Malaysia,3065.841106573299,13.307933965972644
MYS,2021,2021-12-31,2741179.0,31334.0,76.72,75.62,18.71,34282399.0,Malaysia,79958.78584809657,913.9967130071615
MYS,2022,2022-12-31,5023306.0,36835.0,82.87,81.14,49.84,34695493.0,Malaysia,144782.66672849987,1061.665271624761
MDV,2020,2020-12-31,13644.0,48.0,,,,502118.0,Maldives,27172.89561417834,95.5950593286837
MDV,2021,2021-12-31,94864.0,261.0,75.75,70.15,4.95,516154.0,Maldives,183790.10915346968,505.6630385505102
MDV,2022,2022-12-31,185678.0,311.0,76.2,73.52,31.92,524106.0,Maldives,354275.66179360665,593.3914131874086
MLI,2020,2020-12-31,6574.0,250.0,,,,21713836.0,Mali,302.7562702417021,11.513396343234792
MLI,2021,2021-12-31,20011.0,653.0,3.88,1.74,,22388630.0,Mali,893.8018985529709,29.166590363054816
MLI,2022,2022-12-31,32768.0,743.0,14.62,11.83,,23072640.0,Mali,1420.210257690494,32.20264347729605
MLT,2020,2020-12-31,12616.0,227.0,,,,515490.0,Malta,24473.80162563774,440.3577178994743
MLT,2021,2021-12-31,47436.0,493.0,83.37,81.73,,518150.0,Malta,91548.77931101032,951.4619318730098
MLT,2022,2022-12-31,116237.0,834.0,89.74,88.38,,531113.0,Malta,218855.4977942547,1570.287302325494
MHL,2020,2020-12-31,4.0,0.0,,,,42706.0,Marshall Islands,93.66365381913549,0.0
MHL,2021,2021-12-31,4.0,0.0,,,,41367.0,Marshall Islands,96.69543355815021,0.0
MHL,2022,2022-12-31,15544.0,17.0,,,,40077.0,Marshall Islands,387853.3822391896,424.18344686478525
MTQ,2020,2020-12-31,6072.0,42.0,,,,,Martinique,,
MTQ,2021,2021-12-31,47828.0,775.0,,,,,Martinique,,
MTQ,2022,2022-12-31,227390.0,1079.0,,,,,Martinique,,
MRT,2020,2020-12-31,13516.0,337.0,,,,4600131.0,Mauritania,2938.1771953885664,73.25878328247607
MRT,2021,2021-12-31,40453.0,862.0,24.62,16.2,,4734874.0,Mauritania,8543.627560099805,182.05341895053596
MRT,2022,2022-12-31,63428.0,997.0,44.32,32.46,8.09,4875637.0,Mauritania,13009.171929739643,204.48610099562376
MUS,2020,2020-12-31,527.0,10.0,,,,1266014.0,Mauritius,416.26711868905085,7.898806806243848
MUS,2021,2021-12-31,90090.0,762.0,72.11,70.02,,1266334.0,Mauritius,71142.36844308059,601.7369825022466
MUS,2022,2022-12-31,291206.0,1039.0,86.48,83.74,49.2,1262523.0,Mauritius,230654.01580802887,822.9553045766295
MYT,2020,2020-12-31,5767.0,54.0,,,,,Mayotte,,
MYT,2021,2021-12-31,21288.0,185.0,,,,,Mayotte,,
MYT,2022,2022-12-31,41969.0,187.0,,,,,Mayotte,,
MEX,2020,2020-12-31,1453414.0,143890.0,0.02,,,126799054.0,Mexico,11462.341036077445,1134.7876459709234
MEX,2021,2021-12-31,4001979.0,303255.0,64.25,57.08,,127648148.0,Mexico,31351.641701844354,2375.710143479716
MEX,2022,2022-12-31,7245590.0,331322.0,76.22,64.19,44.73,128613117.0,Mexico,56336.32221198713,2576.1136012277816
FSM,2020,2020-12-31,0.0,0.0,,,,110916.0,"Micronesia, Federated States of",0.0,0.0
FSM,2021,2021-12-31,0.0,0.0,,,,111624.0,"Micronesia, Federated States of",0.0,0.0
FSM,2022,2022-12-31,22069.0,58.0,,,,112114.0,"Micronesia, Federated States of",196844.28349715468,517.3305742369374
MDA,2020,2020-12-31,140996.0,2960.0,,,,2635130.0,"Moldova, Republic of",53506.27862761989,1123.2842402462118
MDA,2021,2021-12-31,374349.0,10184.0,30.24,30.01,,2595809.0,"Moldova, Republic of",144212.84462762863,3923.24704937844
MDA,2022,2022-12-31,596100.0,11929.0,33.74,32.81,11.89,2528654.0,"Moldova, Republic of",235738.06459879444,4717.529563158898
MCO,2020,2020-12-31,645.0,3.0,,,,38050.0,Monaco,16951.379763469122,78.84362680683311
MCO,2021,2021-12-31,4605.0,38.0,79.13,70.34,29.04,38527.0,Monaco,119526.56578503388,986.3212811794327
MCO,2022,2022-12-31,16439.0,65.0,,,,38931.0,Monaco,422259.895712928,1669.6206108242789
MNG,2020,2020-12-31,1121.0,1.0,,,,3327204.0,Mongolia,336.9195276274013,0.3005526562242652
MNG,2021,2021-12-31,690950.0,1981.0,66.68,63.66,26.81,3383741.0,Mongolia,204197.07063868069,585.4466993779962
MNG,2022,2022-12-31,1007314.0,2136.0,66.88,64.02,30.73,3433748.0,Mongolia,293356.9964947923,622.0607918810582
MNE,2020,2020-12-31,35210.0,543.0,,,,626590.0,Montenegro,56193.0448937902,866.595381349846
MNE,2021,2021-12-31,158010.0,2276.0,45.27,43.51,12.4,625053.0,Montenegro,252794.5630210558,3641.291218504671
MNE,2022,2022-12-31,243973.0,2616.0,46.69,45.43,16.19,623591.0,Montenegro,391238.8087704922,4195.057337261122
MSR,2020,2020-12-31,13.0,1.0,,,,,Montserrat,,
MSR,2021,2021-12-31,45.0,1.0,35.06,33.36,,,Montserrat,,
MSR,2022,2022-12-31,1403.0,8.0,47.68,44.23,12.76,,Montserrat,,
MAR,2020,2020-12-31,430562.0,7204.0,,,,36584208.0,Morocco,11769.067134103327,196.91556531714448
MAR,2021,2021-12-31,955587.0,14827.0,65.75,61.39,,36954442.0,Morocco,25858.515195548076,401.2237554554335
MAR,2022,2022-12-31,1271244.0,16294.0,66.78,62.78,18.33,37329064.0,Morocco,34055.073012278044,436.49634504631564
MOZ,2020,2020-12-31,18162.0,159.0,,,,30783688.0,Mozambique,589.9877883377716,5.165073138735034
MOZ,2021,2021-12-31,164862.0,1960.0,26.19,18.46,,31707800.0,Mozambique,5199.4146550691,61.814443133866114
MOZ,2022,2022-12-31,230970.0,2230.0,56.36,55.96,3.01,32656246.0,Mozambique,7072.766416568518,68.28708970406457
MMR,2020,2020-12-31,121886.0,2601.0,,,,53016522.0,Myanmar,2299.019162366026,49.06017788190632
MMR,2021,2021-12-31,529613.0,19254.0,34.75,24.05,,53387102.0,Myanmar,9920.242533486833,360.6489072959982
MMR,2022,2022-12-31,633612.0,19490.0,64.19,50.84,4.11,53756787.0,Myanmar,11786.641936021959,362.5588709384733
NRU,2020,2020-12-31,0.0,0.0,,,,11643.0,Nauru,0.0,0.0
NRU,2021,2021-12-31,0.0,0.0,59.98,57.13,,11709.0,Nauru,0.0,0.0
NRU,2022,2022-12-31,4621.0,1.0,90.79,67.65,39.91,11801.0,Nauru,391576.98500127107,84.73858147614608
NPL,2020,2020-12-31,258181.0,2720.0,,,,28966574.0,Nepal,8913.066488290951,93.90133607101758
NPL,2021,2021-12-31,827271.0,11585.0,40.11,31.88,,29475010.0,Nepal,28066.86070674785,393.0448200017574
NPL,2022,2022-12-31,1000966.0,12019.0,90.24,78.75,28.4,29715436.0,Nepal,33685.051769053636,404.46991927024055
NLD,2020,2020-12-31,773198.0,11539.0,,,,17441500.0,Netherlands,44330.93483932001,661.5830060487916
NLD,2021,2021-12-31,3085502.0,20960.0,70.68,65.97,26.29,17533044.0,Netherlands,175982.10556022104,1195.4569896704759
NLD,2022,2022-12-31,8566067.0,22976.0,71.61,66.98,53.48,17700982.0,Netherlands,483931.7389283826,1298.0070823189358
NCL,2020,2020-12-31,38.0,0.0,,,,284176.0,New Caledonia,133.7199482011148,0.0
NCL,2021,2021-12-31,12717.0,280.0,62.94,59.74,,285214.0,New Caledonia,44587.572840042914,981.7189899514049
NCL,2022,2022-12-31,79162.0,314.0,66.1,63.5,32.49,287123.0,New Caledonia,275707.6235620274,1093.6079659240118
NZL,2020,2020-12-31,1789.0,25.0,,,,5072400.0,New Zealand,352.693005283495,4.928633388534028
NZL,2021,2021-12-31,13529.0,50.0,76.59,74.37,6.9,5084600.0,New Zealand,2660.7796090154584,9.833615230303268
NZL,2022,2022-12-31,2027981.0,2288.0,82.92,79.81,67.84,5081700.0,New Zealand,399075.3094436901,450.24302890764903
NIC,2020,2020-12-31,4790.0,164.0,,,,6565267.0,Nicaragua,729.5971359580653,24.979943694597644
NIC,2021,2021-12-31,13531.0,216.0,70.22,41.82,,6644741.0,Nicaragua,2036.3472406223207,32.50691035211154
NIC,2022,2022-12-31,15365.0,245.0,88.76,85.36,,6730654.0,Nicaragua,2282.8390822050874,36.40062317866882
NER,2020,2020-12-31,3109.0,101.0,,,,23717613.0,Niger,131.08401760328917,4.258438654851144
NER,2021,2021-12-31,7268.0,274.0,1.94,1.77,,24502140.0,Niger,296.62715175082667,11.182696695064186
NER,2022,2022-12-31,9486.0,314.0,23.17,20.25,,25311973.0,Niger,374.7633580361357,12.405196544733988
NGA,2020,2020-12-31,83576.0,1247.0,,,,213996181.0,Nigeria,390.5490257323798,5.827206794872661
NGA,2021,2021-12-31,236014.0,3014.0,4.72,2.05,,218529286.0,Nigeria,1080.0108503534852,13.792201746359982
NGA,2022,2022-12-31,266415.0,3155.0,33.11,27.39,3.8,223150896.0,Nigeria,1193.878244611664,14.138415110822589
NIU,2020,2020-12-31,0.0,0.0,,,,,Niue,,
NIU,2021,2021-12-31,0.0,0.0,61.58,58.91,,,Niue,,
NIU,2022,2022-12-31,335.0,0.0,83.81,83.71,62.7,,Niue,,
NFK,2020,,,,,,,,Norfolk Island,,
NFK,2021,,,,,,,,Norfolk Island,,
NFK,2022,,,,,,,,Norfolk Island,,
MNP,2020,2020-12-31,122.0,2.0,,,,47528.0,Northern Mariana Islands,2566.907927958256,42.08045783538125
MNP,2021,2021-12-31,2893.0,11.0,,,,46979.0,Northern Mariana Islands,61580.7062730156,234.14717214074372
MNP,2022,2022-12-31,13236.0,41.0,,,,46078.0,Northern Mariana Islands,287252.0508702634,889.7955640435783
NOR,2020,2020-12-31,47244.0,421.0,0.04,,,5379475.0,Norway,8782.269645272076,78.26042504147709
NOR,2021,2021-12-31,375290.0,1335.0,78.99,72.31,28.85,5408320.0,Norway,69391.23424649429,246.84190284598546
NOR,2022,2022-12-31,1474524.0,4745.0,79.99,74.61,68.89,5457127.0,Norway,270201.51812483015,869.5051443735871
OMN,2020,2020-12-31,128290.0,1491.0,0.14,,,4522497.0,Oman,28367.072438080115,329.68512748598835
OMN,2021,2021-12-31,305058.0,4480.0,68.22,63.42,0.71,4500424.0,Oman,67784.27988118453,995.4617609363029
OMN,2022,2022-12-31,399308.0,4628.0,71.67,66.62,17.04,4730226.0,Oman,84416.2625633532,978.3887704308419
PAK,2020,2020-12-31,469482.0,9816.0,,,,235001746.0,Pakistan,1997.780901593812,41.76990242446964
PAK,2021,2021-12-31,1293081.0,28905.0,41.12,29.93,,239477801.0,Pakistan,5399.586076873989,120.70012284771231
PAK,2022,2022-12-31,1575651.0,30635.0,65.59,55.71,20.75,243700667.0,Pakistan,6465.517798521249,125.7074934472789
PLW,2020,2020-12-31,0.0,0.0,,,,17792.0,Palau,0.0,0.0
PLW,2021,2021-12-31,8.0,0.0,,,,17783.0,Palau,449.86785131867515,0.0
PLW,2022,2022-12-31,5968.0,9.0,,,,17759.0,Palau,336054.95804943977,506.7852919646376
PSE,2020,2020-12-31,148540.0,1406.0,,,,4803269.0,"Palestine, State of",30924.77227488196,292.717313979292
PSE,2021,2021-12-31,468443.0,4900.0,36.4,28.87,0.05,4922749.0,"Palestine, State of",95158.82284471543,995.3788015598602
PSE,2022,2022-12-31,703228.0,5708.0,38.34,33.85,6.42,5043612.0,"Palestine, State of",139429.44064690146,1131.7286103689182
PAN,2020,2020-12-31,226660.0,3756.0,,,,4293261.0,Panama,52794.367731195474,874.8594599769266
PAN,2021,2021-12-31,486377.0,7409.0,70.79,63.61,6.1,4345405.0,Panama,111929.03768463469,1705.019440075206
PAN,2022,2022-12-31,1023778.0,8567.0,79.81,71.75,45.53,4400773.0,Panama,232635.9482754507,1946.70345414317
PNG,2020,2020-12-31,780.0,9.0,,,,9815746.0,Papua New Guinea,79.46415891364752,0.9168941413113175
PNG,2021,2021-12-31,36130.0,590.0,2.8,2.17,,10012896.0,Papua New Guinea,3608.3466761264676,58.924011594647546
PNG,2022,2022-12-31,46692.0,669.0,3.6,3.0,0.3,10203169.0,Papua New Guinea,4576.225288437347,65.56786425864357
PRY,2020,2020-12-31,103888.0,2154.0,,,,6603739.0,Paraguay,15731.693817699337,326.1788511023831
PRY,2021,2021-12-31,465130.0,16598.0,51.17,43.48,6.13,6684182.0,Paraguay,69586.67492895915,2483.1759518217787
PRY,2022,2022-12-31,722093.0,19666.0,58.63,52.06,29.22,6760464.0,Paraguay,106811.15970738103,2908.9719285540164
PER,2020,2020-12-31,1005546.0,92523.0,,,,32838579.0,Peru,30620.874307624577,2817.5092472789397
PER,2021,2021-12-31,2272885.0,202454.0,72.95,64.86,12.24,33155882.0,Peru,68551.48658087273,6106.12620710859
PER,2022,2022-12-31,4438778.0,218007.0,88.81,83.54,82.49,33475438.0,Peru,132598.05592386873,6512.446528705614
PHL,2020,2020-12-31,469003.0,9067.0,,,,112081264.0,Philippines,4184.490638863602,80.89666083708693
PHL,2021,2021-12-31,2838474.0,51200.0,48.56,42.94,1.55,113100950.0,Philippines,25096.81837332047,452.6929260983219
PHL,2022,2022-12-31,4059369.0,65262.0,67.81,63.97,18.45,113964338.0,Philippines,35619.6426991047,572.6528240790553
PCN,2020,2020-12-31,0.0,0.0,,,,,Pitcairn,,
PCN,2021,2021-12-31,0.0,0.0,100.0,100.0,,,Pitcairn,,
PCN,2022,2022-12-31,4.0,0.0,100.0,100.0,48.94,,Pitcairn,,
POL,2020,2020-12-31,1259923.0,27207.0,0.12,,,37515748.0,Poland,33583.843243642645,725.2154481899174
POL,2021,2021-12-31,4050832.0,94330.0,54.38,52.8,17.22,36981559.0,Poland,109536.53954934674,2550.7307574567094
POL,2022,2022-12-31,6365382.0,118475.0,57.33,56.76,38.1,36821749.0,Poland,172870.16974668964,3217.52777142661
PRT,2020,2020-12-31,377474.0,6695.0,,,,10297081.0,Portugal,36658.3500702772,650.1842609570616
PRT,2021,2021-12-31,1282648.0,18888.0,91.5,83.15,30.58,10361831.0,Portugal,123785.84441301928,1822.8438583875766
PRT,2022,2022-12-31,5550568.0,25773.0,95.3,86.7,68.53,10434332.0,Portugal,531952.4048113477,2470.0191636608843
PRI,2020,2020-12-31,82303.0,1630.0,,,,3281590.0,Puerto Rico,25080.220259081725,496.7104360995737
PRI,2021,2021-12-31,252334.0,3301.0,,,,3262711.0,Puerto Rico,77338.75295728,1011.7353329792311
PRI,2022,2022-12-31,1131039.0,5541.0,,,,3220137.0,Puerto Rico,351239.40378934186,1720.7342420524344
QAT,2020,2020-12-31,142903.0,244.0,,,,2794148.0,Qatar,51143.675997119695,87.325367160222
QAT,2021,2021-12-31,247796.0,614.0,87.58,82.31,,2504910.0,Qatar,98924.11304198553,245.11858709494552
QAT,2022,2022-12-31,487987.0,685.0,105.75,105.75,70.54,2657333.0,Qatar,183637.8805366132,257.7772526062786
REU,2020,2020-12-31,8909.0,42.0,,,,,Réunion,,
REU,2021,2021-12-31,71795.0,401.0,,,,,Réunion,,
REU,2022,2022-12-31,486659.0,906.0,,,,,Réunion,,
ROU,2020,2020-12-31,613760.0,15108.0,0.05,,,19265250.0,Romania,31858.397892578603,784.2099116284502
ROU,2021,2021-12-31,1802396.0,58536.0,27.85,39.76,,19122059.0,Romania,94257.42280159265,3061.1766232914565
ROU,2022,2022-12-31,3305048.0,67341.0,,41.28,,19048502.0,Romania,173506.97708407728,3535.238624013584
RUS,2020,2020-12-31,3050248.0,54778.0,0.04,,,145245148.0,Russian Federation,21000.687747586584,377.1416859997278
RUS,2021,2021-12-31,10392020.0,304218.0,51.01,46.14,5.1,144746762.0,Russian Federation,71794.49029747554,2101.7257712473042
RUS,2022,2022-12-31,21764292.0,393383.0,60.58,54.54,13.49,144236933.0,Russian Federation,150892.64273249626,2727.33891256548
RWA,2020,2020-12-31,7817.0,73.0,,,,13065837.0,Rwanda,598.2777835051822,5.587089445551785
RWA,2021,2021-12-31,104512.0,1346.0,55.38,39.45,,13355260.0,Rwanda,7825.530914411251,100.78426028396302
RWA,2022,2022-12-31,132920.0,1467.0,76.75,67.32,42.67,13651030.0,Rwanda,9736.994204832896,107.46441843582498
BLM,2020,2020-12-31,189.0,0.0,,,,,Saint Barthélemy,,
BLM,2021,2021-12-31,1726.0,4.0,,,,,Saint Barthélemy,,
BLM,2022,2022-12-31,5402.0,5.0,,,,,Saint Barthélemy,,
SHN,2020,2020-12-31,0.0,0.0,,,,,"Saint Helena, Ascension and Tristan da Cunha",,
SHN,2021,2021-12-31,0.0,0.0,80.74,65.38,,,"Saint Helena, Ascension and Tristan da Cunha",,
SHN,2022,2022-12-31,2166.0,0.0,,,,,"Saint Helena, Ascension and Tristan da Cunha",,
KNA,2020,2020-12-31,30.0,0.0,,,,46870.0,Saint Kitts and Nevis,640.0682739492212,0.0
KNA,2021,2021-12-31,2836.0,28.0,57.92,53.73,3.43,46763.0,Saint Kitts and Nevis,60646.237409918096,598.7639800697132
KNA,2022,2022-12-31,6562.0,46.0,70.88,56.63,7.35,46709.0,Saint Kitts and Nevis,140486.84407715857,984.8209124579846
LCA,2020,2020-12-31,305.0,5.0,,,,178250.0,Saint Lucia,1711.0799438990184,28.050490883590463
LCA,2021,2021-12-31,13275.0,295.0,30.96,27.42,,178522.0,Saint Lucia,74360.58300937699,1652.4574002083777
LCA,2022,2022-12-31,29748.0,409.0,33.43,30.56,4.37,178781.0,Saint Lucia,166393.52056426578,2287.715137514613
MAF,2020,2020-12-31,986.0,12.0,,,,31786.0,Saint Martin (French part),31019.94588812685,377.5246964072233
MAF,2021,2021-12-31,4118.0,39.0,,,,29961.0,Saint Martin (French part),137445.3456159674,1301.692199859818
MAF,2022,2022-12-31,12180.0,46.0,,,,28870.0,Saint Martin (French part),421891.2365777624,1593.349497748528
SPM,2020,2020-12-31,16.0,0.0,,,,,Saint Pierre and Miquelon,,
SPM,2021,2021-12-31,98.0,0.0,,,,,Saint Pierre and Miquelon,,
SPM,2022,2022-12-31,3348.0,2.0,,,,,Saint Pierre and Miquelon,,
VCT,2020,2020-12-31,108.0,0.0,,,,103526.0,Saint Vincent and the Grenadines,1043.2161968973978,0.0
VCT,2021,2021-12-31,5843.0,81.0,32.22,25.24,,102841.0,Saint Vincent and the Grenadines,56815.86137824408,787.6236131503972
VCT,2022,2022-12-31,9521.0,118.0,35.91,30.25,4.04,102046.0,Saint Vincent and the Grenadines,93301.06030613645,1156.3412578641005
WSM,2020,2020-12-31,1.0,0.0,,,,211944.0,Samoa,4.718227456309214,0.0
WSM,2021,2021-12-31,2.0,0.0,63.59,54.75,,213779.0,Samoa,9.355455867975808,0.0
WSM,2022,2022-12-31,16270.0,29.0,85.94,79.88,35.55,215261.0,Samoa,75582.66476509912,134.72017690152884
SMR,2020,2020-12-31,2293.0,57.0,,,,34770.0,San Marino,65947.65602530917,1639.344262295082
SMR,2021,2021-12-31,7641.0,98.0,72.15,64.19,,34252.0,San Marino,223081.8638327689,2861.146794347775
SMR,2022,2022-12-31,23007.0,121.0,78.23,70.15,57.43,33755.0,San Marino,681587.9129017923,3584.654125314768
STP,2020,2020-12-31,1014.0,17.0,,,,217435.0,Sao Tome and Principe,4663.462644008554,78.1842849587233
STP,2021,2021-12-31,3744.0,57.0,37.99,22.52,,221961.0,Sao Tome and Principe,16867.82813196913,256.801870598889
STP,2022,2022-12-31,6279.0,77.0,56.1,45.72,14.59,226305.0,Sao Tome and Principe,27745.741366739578,340.24877930226904
SAU,2020,2020-12-31,362066.0,6176.0,,,,31552510.0,Saudi Arabia,11475.03003723,195.73720125593812
SAU,2021,2021-12-31,552406.0,8870.0,68.71,63.67,7.41,30784383.0,Saudi Arabia,17944.35834559361,288.13310957052477
SAU,2022,2022-12-31,826766.0,9508.0,71.3,66.47,29.65,32175224.0,Saudi Arabia,25695.73408408905,295.5068782116327
SEN,2020,2020-12-31,18523.0,387.0,,,,16789219.0,Senegal,1103.2675194718706,23.050506399374502
SEN,2021,2021-12-31,74353.0,1890.0,7.6,5.3,,17220867.0,Senegal,4317.610721922421,109.75057179176868
SEN,2022,2022-12-31,88900.0,1968.0,11.26,7.83,3.56,17651103.0,Senegal,5036.5124491087045,111.49444881716457
SRB,2020,2020-12-31,323367.0,2983.0,,,,6899126.0,Serbia,46870.71956650741,432.37360790337794
SRB,2021,2021-12-31,1289493.0,12568.0,48.16,46.68,25.08,6834326.0,Serbia,188678.8836236375,1838.9523707239016
SRB,2022,2022-12-31,2439730.0,17495.0,48.81,47.71,27.69,6664449.0,Serbia,366081.276936773,2625.123247248197
SYC,2020,2020-12-31,211.0,0.0,,,,98462.0,Seychelles,2142.958704881071,0.0
SYC,2021,2021-12-31,24381.0,126.0,76.86,73.05,,99258.0,Seychelles,245632.59384633985,1269.419089645167
SYC,2022,2022-12-31,50355.0,172.0,80.09,76.22,41.73,119878.0,Seychelles,420052.05292046914,1434.7920385725488
SLE,2020,2020-12-31,2549.0,76.0,,,,7912558.0,Sierra Leone,322.1461378229392,9.604984886050756
SLE,2021,2021-12-31,6659.0,123.0,8.17,4.2,,8094602.0,Sierra Leone,822.6469936384766,15.195311641017064
SLE,2022,2022-12-31,7760.0,125.0,50.18,40.03,4.03,8276807.0,Sierra Leone,937.5596168909096,15.102442282392232
SGP,2020,2020-12-31,58519.0,29.0,0.01,0.0,,5685807.0,Singapore,10292.118603392624,5.10041934240821
SGP,2021,2021-12-31,277764.0,822.0,86.21,83.1,39.06,5453566.0,Singapore,50932.5457874719,150.72706555673847
SGP,2022,2022-12-31,2193890.0,1711.0,91.49,90.74,78.77,5637022.0,Singapore,389193.0881234808,303.5290619763414
SXM,2020,2020-12-31,1370.0,26.0,,,,41008.0,Sint Maarten (Dutch part),33408.11548966056,634.0226297307843
SXM,2021,2021-12-31,4748.0,75.0,61.42,56.94,,41571.0,Sint Maarten (Dutch part),114214.23588559331,1804.1423107454716
SXM,2022,2022-12-31,10988.0,89.0,67.41,60.32,20.52,42139.0,Sint Maarten (Dutch part),260756.06919955387,2112.0577137568525
SVK,2020,2020-12-31,167523.0,1773.0,,,,5458827.0,Slovakia,30688.46109246547,324.7950521238354
SVK,2021,2021-12-31,825629.0,16398.0,44.75,43.44,2.15,5447247.0,Slovakia,151568.1223928344,3010.3279693393747
SVK,2022,2022-12-31,1858687.0,20803.0,46.0,45.68,12.12,5431752.0,Slovakia,342189.2236611686,3829.8876679200375
SVN,2020,2020-12-31,115411.0,2881.0,0.54,,,2102419.0,Slovenia,54894.38594304941,1370.3262765414506
SVN,2021,2021-12-31,456842.0,6089.0,58.99,56.09,22.05,2108079.0,Slovenia,216710.09483041195,2888.411677171491
SVN,2022,2022-12-31,1300803.0,8801.0,59.71,57.66,31.04,2112076.0,Slovenia,615888.3487147243,4166.9902030040585
SLB,2020,2020-12-31,17.0,0.0,,,,744498.0,Solomon Islands,22.834178197926654,0.0
SLB,2021,2021-12-31,22.0,0.0,24.85,7.72,,762591.0,Solomon Islands,28.849016051854797,0.0
SLB,2022,2022-12-31,21611.0,153.0,47.47,35.12,3.84,781066.0,Solomon Islands,27668.59650784953,195.88613510253936
SOM,2020,2020-12-31,4690.0,127.0,,,,16651191.0,Somalia,281.6615340007811,7.627082050767419
SOM,2021,2021-12-31,23532.0,1333.0,6.84,4.6,,17271431.0,Somalia,1362.481197996854,77.17947632712078
SOM,2022,2022-12-31,27300.0,1361.0,42.76,35.94,,17801897.0,Somalia,1533.5444306862353,76.45252637963246
ZAF,2020,2020-12-31,994911.0,26521.0,,,,60562381.0,South Africa,16427.871288613966,437.91210916889145
ZAF,2021,2021-12-31,3407937.0,90773.0,31.57,26.44,,61502603.0,South Africa,55411.26446306671,1475.9212711696123
ZAF,2022,2022-12-31,4048232.0,102568.0,40.02,35.13,6.47,62378410.0,South Africa,64897.967101117196,1644.2868614317038
SGS,2020,,,,,,,,South Georgia and the South Sandwich Islands,,
SGS,2021,,,,,,,,South Georgia and the South Sandwich Islands,,
SGS,2022,,,,,,,,South Georgia and the South Sandwich Islands,,
SSD,2020,2020-12-31,3505.0,63.0,,,,10698467.0,South Sudan,327.6170314868476,5.8886941465538944
SSD,2021,2021-12-31,14810.0,135.0,2.08,1.66,,10865780.0,South Sudan,1362.994649256657,12.42432664751173
SSD,2022,2022-12-31,18368.0,138.0,20.64,20.25,,11021177.0,South Sudan,1666.6096552119614,12.521348672650843
ESP,2020,2020-12-31,1919549.0,53964.0,,,,47359424.0,Spain,40531.51068729214,1139.4564258213952
ESP,2021,2021-12-31,6100138.0,91275.0,83.4,79.63,28.9,47443821.0,Spain,128576.02679177126,1923.8543202496273
ESP,2022,2022-12-31,13754962.0,118943.0,86.91,85.62,55.49,47786102.0,Spain,287844.40296050935,2489.0709855346645
LKA,2020,2020-12-31,41054.0,191.0,,,,21919000.0,Sri Lanka,1872.986906336968,8.71390118162325
LKA,2021,2021-12-31,583649.0,14884.0,73.25,63.41,18.35,22156000.0,Sri Lanka,26342.706264668715,671.7819100920744
LKA,2022,2022-12-31,671851.0,16815.0,78.53,67.57,37.65,22181000.0,Sri Lanka,30289.48198908976,758.0812407015012
SDN,2020,2020-12-31,24694.0,1520.0,,,,46789231.0,Sudan,527.7710163691299,32.48610775415394
SDN,2021,2021-12-31,46285.0,3298.0,5.94,2.63,,48066924.0,Sudan,962.9282705920604,68.61267011802128
SDN,2022,2022-12-31,63690.0,4994.0,22.41,17.71,1.97,49383346.0,Sudan,1289.7060478648004,101.12720997074601
SUR,2020,2020-12-31,5880.0,119.0,,,,612317.0,Suriname,9602.869102115408,194.34377944757372
SUR,2021,2021-12-31,51563.0,1186.0,42.32,36.93,,617896.0,Suriname,83449.31833188757,1919.416859795176
SUR,2022,2022-12-31,81581.0,1393.0,43.33,38.49,7.91,623164.0,Suriname,130914.17347600312,2235.366612962238
SJM,2020,,,,,,,,Svalbard and Jan Mayen,,
SJM,2021,,,,,,,,Svalbard and Jan Mayen,,
SJM,2022,,,,,,,,Svalbard and Jan Mayen,,
SWZ,2020,2020-12-31,8365.0,163.0,,,,1192729.0,Eswatini,7013.328258137431,136.6613874568322
SWZ,2021,2021-12-31,64381.0,1272.0,27.8,25.07,,1206593.0,Eswatini,53357.67736096596,1054.208005516359
SWZ,2022,2022-12-31,74021.0,1422.0,42.24,28.47,12.28,1218917.0,Eswatini,60726.85835048654,1166.609375371744
SWE,2020,2020-12-31,418129.0,9323.0,,,,10353442.0,Sweden,40385.50657839199,900.4734850497061
SWE,2021,2021-12-31,1286608.0,15302.0,71.98,68.78,,10415811.0,Sweden,123524.51479774354,1469.1126787918868
SWE,2022,2022-12-31,2671881.0,22003.0,73.68,71.95,91.41,10486941.0,Sweden,254781.73282370903,2098.133287867263
CHE,2020,2020-12-31,435319.0,7182.0,0.07,,,8638167.0,Switzerland,50394.834922733025,831.4263894180327
CHE,2021,2021-12-31,1253630.0,11828.0,68.26,,25.2,8704546.0,Switzerland,144020.14763320223,1358.8302020576375
CHE,2022,2022-12-31,4375085.0,13865.0,69.74,,55.36,8777088.0,Switzerland,498466.57570255647,1579.6810969651895
SYR,2020,2020-12-31,10932.0,669.0,,,,21049429.0,Syrian Arab Republic,519.3490046689627,31.782334808226867
SYR,2021,2021-12-31,50051.0,2871.0,5.4,3.53,,21628839.0,Syrian Arab Republic,2314.0862993154647,132.73944107679566
SYR,2022,2022-12-31,57423.0,3163.0,14.37,10.06,0.34,22462173.0,Syrian Arab Republic,2556.43120547598,140.8145151406322
TWN,2020,2020-12-31,,,,,,,"Taiwan, Province of China",,
TWN,2021,2021-12-31,,,78.32,67.63,0.66,,"Taiwan, Province of China",,
TWN,2022,2022-12-31,,,91.36,86.33,93.18,,"Taiwan, Province of China",,
TJK,2020,2020-12-31,13555.0,90.0,,,,9749310.0,Tajikistan,1390.3548045964278,9.231422531440687
TJK,2021,2021-12-31,17493.0,125.0,37.27,29.09,,9966908.0,Tajikistan,1755.1080034048673,12.541502339542012
TJK,2022,2022-12-31,17786.0,125.0,53.37,51.95,52.26,10182222.0,Tajikistan,1746.7700075680928,12.27629882750543
TZA,2020,2020-12-31,509.0,21.0,,,,60972798.0,"Tanzania, United Republic of",8.347984948960354,0.3444158819806826
TZA,2021,2021-12-31,29306.0,737.0,3.18,2.51,,62830412.0,"Tanzania, United Republic of",466.43017397371193,11.729988337494905
TZA,2022,2022-12-31,42351.0,845.0,47.62,44.69,10.95,64711821.0,"Tanzania, United Republic of",654.4553892247909,13.057892467591044
THA,2020,2020-12-31,6141.0,60.0,,,,71641484.0,Thailand,85.7184923751719,0.8375035894008003
THA,2021,2021-12-31,2209970.0,21580.0,71.71,64.6,10.36,71727332.0,Thailand,30810.709646916745,300.86160182285886
THA,2022,2022-12-31,4721808.0,33594.0,79.51,74.6,44.83,71735329.0,Thailand,65822.62973938546,468.3048153302538
TLS,2020,2020-12-31,41.0,0.0,,,,1326053.0,Timor-Leste,30.918824511539132,0.0
TLS,2021,2021-12-31,19833.0,122.0,49.43,39.74,,1350139.0,Timor-Leste,14689.598626511788,90.36106652722424
TLS,2022,2022-12-31,23388.0,138.0,65.52,58.93,23.5,1369295.0,Timor-Leste,17080.32235566478,100.78178916887889
TGO,2020,2020-12-31,3555.0,68.0,,,,8669720.0,Togo,410.0478446824119,7.843390559326022
TGO,2021,2021-12-31,27992.0,246.0,15.73,11.54,,8878379.0,Togo,3152.8277853423465,27.70776061711265
TGO,2022,2022-12-31,39341.0,290.0,25.34,16.45,4.83,9089738.0,Togo,4328.067541660716,31.9041098874357
TKL,2020,2020-12-31,0.0,0.0,,,,,Tokelau,,
TKL,2021,2021-12-31,0.0,0.0,51.14,51.14,,,Tokelau,,
TKL,2022,2022-12-31,5.0,0.0,116.38,116.38,51.14,,Tokelau,,
TON,2020,2020-12-31,0.0,0.0,,,,105704.0,Tonga,0.0,0.0
TON,2021,2021-12-31,1.0,0.0,68.88,52.99,,105490.0,Tonga,9.479571523367143,0.0
TON,2022,2022-12-31,16412.0,12.0,81.66,72.06,35.87,105042.0,Tonga,156242.2649987624,114.24001827840293
TTO,2020,2020-12-31,7097.0,125.0,,,,1366725.0,Trinidad and Tobago,5192.705189412647,91.45951087453584
TTO,2021,2021-12-31,88944.0,2718.0,46.52,43.68,4.98,1367558.0,Trinidad and Tobago,65038.55777963348,1987.4842602653782
TTO,2022,2022-12-31,185882.0,4277.0,49.22,46.82,11.01,1365805.0,Trinidad and Tobago,136097.02702801643,3131.4865592086717
TUN,2020,2020-12-31,130230.0,4426.0,,,,11974057.0,Tunisia,10876.013033844754,369.6324478829523
TUN,2021,2021-12-31,722795.0,25523.0,55.76,47.93,6.93,12048622.0,Tunisia,59989.84780168222,2118.33353224958
TUN,2022,2022-12-31,1147477.0,29279.0,58.41,51.74,10.15,12119334.0,Tunisia,94681.52292857016,2415.891830359655
TUR,2020,2020-12-31,2133373.0,19624.0,,,,83384680.0,Turkey,25584.711724024124,235.34299106262685
TUR,2021,2021-12-31,9286986.0,81303.0,66.69,60.47,27.1,84147318.0,Turkey,110365.79918090794,966.19835227547
TUR,2022,2022-12-31,17004677.0,101419.0,67.89,62.31,48.54,84979913.0,Turkey,200102.31123677426,1193.4467384074633
TKM,2020,2020-12-31,0.0,0.0,,,,6949912.0,Turkmenistan,0.0,0.0
TKM,2021,2021-12-31,0.0,0.0,0.5,0.3,,7092043.0,Turkmenistan,0.0,0.0
TKM,2022,2022-12-31,0.0,0.0,46.18,45.41,6.76,7230193.0,Turkmenistan,0.0,0.0
TCA,2020,2020-12-31,844.0,6.0,,,,44386.0,Turks and Caicos Islands,19015.004731221557,135.1777587527599
TCA,2021,2021-12-31,3235.0,26.0,63.88,59.34,,45243.0,Turks and Caicos Islands,71502.7739097761,574.6745352872267
TCA,2022,2022-12-31,6479.0,36.0,70.72,66.24,15.9,45847.0,Turks and Caicos Islands,141317.86158309158,785.2204070059109
TUV,2020,2020-12-31,0.0,0.0,,,,10399.0,Tuvalu,0.0,0.0
TUV,2021,2021-12-31,0.0,0.0,54.96,51.91,,10194.0,Tuvalu,0.0,0.0
TUV,2022,2022-12-31,2779.0,0.0,84.72,82.24,48.77,9992.0,Tuvalu,278122.4979983987,0.0
UGA,2020,2020-12-31,33815.0,298.0,,,,44457152.0,Uganda,760.6200235228744,6.703083454378724
UGA,2021,2021-12-31,135091.0,3280.0,17.68,2.98,,45910930.0,Uganda,2942.458364489676,71.44268260303157
UGA,2022,2022-12-31,169890.0,3630.0,39.93,27.43,0.96,47312719.0,Uganda,3590.7891913800177,76.72355503390114
UKR,2020,2020-12-31,988108.0,15278.0,,,,44680014.0,Ukraine,22115.21240794598,341.9425965264917
UKR,2021,2021-12-31,3606084.0,92533.0,37.06,34.65,0.02,44298640.0,Ukraine,81403.94377795797,2088.845165449775
UKR,2022,2022-12-31,5315676.0,108249.0,39.73,38.17,1.87,41048766.0,Ukraine,129496.60898454294,2637.082927170088
ARE,2020,2020-12-31,200892.0,655.0,,,,9401038.0,United Arab Emirates,21369.1296641924,69.6731573683672
ARE,2021,2021-12-31,749530.0,2156.0,104.66,95.96,36.61,9575152.0,United Arab Emirates,78278.65291329057,225.16613835477494
ARE,2022,2022-12-31,1046549.0,2348.0,105.83,103.72,54.43,10074977.0,United Arab Emirates,103876.06840194276,233.0526412119849
GBR,2020,2020-12-31,2344433.0,90475.0,,,,66744000.0,United Kingdom,35125.74913100803,1355.5525590315235
GBR,2021,2021-12-31,12574779.0,176159.0,76.71,70.26,50.5,66984000.0,United Kingdom,187728.09924758153,2629.8668338707753
GBR,2022,2022-12-31,24159037.0,215345.0,79.71,75.19,59.81,67604000.0,United Kingdom,357361.0585172475,3185.388438553932
USA,2020,2020-12-31,18890446.0,342920.0,1.68,0.01,,331577720.0,United States,56971.39723380691,1034.2070028106834
USA,2021,2021-12-31,51878860.0,812587.0,73.52,63.36,23.44,332099760.0,United States,156214.68681579296,2446.8159808366017
USA,2022,2022-12-31,99019493.0,1079976.0,80.88,69.15,40.08,334017321.0,United States,296450.17421117506,3233.2934015718306
UMI,2020,,,,,,,,United States Minor Outlying Islands,,
UMI,2021,,,,,,,,United States Minor Outlying Islands,,
UMI,2022,,,,,,,,United States Minor Outlying Islands,,
URY,2020,2020-12-31,15848.0,143.0,,,,3398968.0,Uruguay,4662.591704305542,42.07159349543744
URY,2021,2021-12-31,406739.0,6162.0,80.77,78.43,44.96,3396695.0,Uruguay,119745.51733376119,1814.116368999866
URY,2022,2022-12-31,1011988.0,7562.0,87.94,84.79,83.93,3390913.0,Uruguay,298441.1572930358,2230.077858087188
UZB,2020,2020-12-31,9.0,0.0,,,,33586372.0,Uzbekistan,0.2679658285211633,0.0
UZB,2021,2021-12-31,116785.0,860.0,52.15,32.06,,34243696.0,Uzbekistan,3410.408736253236,25.11411151413095
UZB,2022,2022-12-31,167292.0,1016.0,61.46,51.14,42.51,34938955.0,Uzbekistan,4788.122598400553,29.079289864278998
VUT,2020,2020-12-31,1.0,0.0,,,,298858.0,Vanuatu,3.346070709166226,0.0
VUT,2021,2021-12-31,7.0,0.0,31.31,15.43,,305868.0,Vanuatu,22.885689251572572,0.0
VUT,2022,2022-12-31,12013.0,14.0,44.32,40.31,5.2,313046.0,Vanuatu,38374.551982775694,44.72186196277863
VEN,2020,2020-12-31,111603.0,1010.0,,,,28444077.0,"Venezuela, Bolivarian Republic of",3923.5936536102054,35.50827119473766
VEN,2021,2021-12-31,442999.0,5312.0,64.99,41.02,,28237826.0,"Venezuela, Bolivarian Republic of",15688.141147976477,188.1164647731734
VEN,2022,2022-12-31,549844.0,5830.0,78.29,52.88,2.3,28213017.0,"Venezuela, Bolivarian Republic of",19489.018136557323,206.6422034906795
VNM,2020,2020-12-31,1440.0,35.0,,,,98079191.0,Viet Nam,14.682013435449319,0.35685449322272655
VNM,2021,2021-12-31,1651673.0,31214.0,78.99,69.7,,98935098.0,Viet Nam,16694.510172719492,315.49976328926266
VNM,2022,2022-12-31,11524202.0,43184.0,91.82,87.29,58.5,99680655.0,Viet Nam,115611.21864618566,433.2234775142679
VGB,2020,2020-12-31,93.0,1.0,,,,37135.0,"Virgin Islands, British",2504.375925676585,26.928773394371888
VGB,2021,2021-12-31,3071.0,39.0,58.83,54.27,,37809.0,"Virgin Islands, British",81224.04718453278,1031.5004364040308
VGB,2022,2022-12-31,7305.0,64.0,62.13,58.28,11.89,38319.0,"Virgin Islands, British",190636.49886479293,1670.1897231138598
VIR,2020,2020-12-31,1979.0,23.0,,,,106290.0,"Virgin Islands, U.S.",18618.87289491015,216.38912409445854
VIR,2021,2021-12-31,8007.0,88.0,,,,105870.0,"Virgin Islands, U.S.",75630.49022385945,831.2080853877396
VIR,2022,2022-12-31,23734.0,127.0,,,,105413.0,"Virgin Islands, U.S.",225152.4954227657,1204.7849885687724
WLF,2020,2020-12-31,4.0,0.0,,,,,Wallis and Futuna,,
WLF,2021,2021-12-31,453.0,7.0,51.88,51.08,,,Wallis and Futuna,,
WLF,2022,2022-12-31,3415.0,7.0,61.54,58.59,32.27,,Wallis and Futuna,,
ESH,2020,,,,,,,,Western Sahara,,
ESH,2021,,,,,,,,Western Sahara,,
ESH,2022,2022-04-20,,,,,,,Western Sahara,,
YEM,2020,2020-12-31,2096.0,607.0,,,,36134863.0,Yemen,58.004924496323675,16.798181855567016
YEM,2021,2021-12-31,10111.0,1983.0,0.98,0.64,,37140230.0,Yemen,272.2384864067885,53.39223801252712
YEM,2022,2022-12-31,11945.0,2159.0,2.98,2.25,0.18,38222876.0,Yemen,312.509189523049,56.4844989686281
ZMB,2020,2020-12-31,19671.0,382.0,,,,19059395.0,Zambia,1032.089423614968,20.042608907575502
ZMB,2021,2021-12-31,231581.0,3697.0,4.03,6.08,,19603607.0,Zambia,11813.18315552847,188.5877430617743
ZMB,2022,2022-12-31,334066.0,4022.0,53.97,42.74,0.17,20152938.0,Zambia,16576.540849775847,199.57387850843386
ZWE,2020,2020-12-31,12963.0,341.0,,,,15526888.0,Zimbabwe,834.8743160896117,21.961902475241658
ZWE,2021,2021-12-31,203746.0,4885.0,25.27,19.21,0.03,15797210.0,Zimbabwe,12897.593942221441,309.23182004923655
ZWE,2022,2022-12-31,259944.0,5635.0,39.45,29.11,6.33,16069056.0,Zimbabwe,16176.681442892474,350.6739910546083
